Confidence_Score,Prediction_Entropy,Similarity_Score,DSA,LSA,Outcome
0.9909536157,0.04033552527,1,0.5835281477,0.01970949826,Pass
0.9962671583,0.01867071672,0,0.6920763097,1,Fail
0.6153582693,0.698380592,0,0.1496409125,1,Fail
0.9839791276,0.06544178375,0,0.5189900807,1,Fail
0.8648768917,0.3511734301,0,0.3352310613,1,Fail
0.9998026708,0.001218393035,1,0.9371807268,0.003547219535,Pass
0.8979390828,0.2858943686,0,0.3639047986,1,Fail
0.266341578,0.9426598218,0,0.05252406223,1,Fail
0.9958452652,0.02052009206,1,0.6955499839,0.01722036553,Pass
0.9874970106,0.05312243016,0,0.573252856,1,Fail
0.9482618067,0.1698231195,0,0.3888552472,1,Fail
0.9961082492,0.01937043619,1,0.7003372731,0.01646976213,Pass
0.998943322,0.005970929757,1,0.8028942041,0.006596367143,Pass
0.9970561104,0.01512237116,0,0.7162990433,1,Fail
0.9996412085,0.00216483646,0,0.8927857941,1,Fail
0.9595324306,0.1397593805,1,0.4661531116,0.03567687946,Pass
0.3762037478,0.8884630324,0,0.1965292114,1,Fail
0.9962281301,0.01884319297,0,0.6742186937,1,Fail
0.9948487708,0.0247801741,0,0.6413714588,1,Fail
0.8078347609,0.4499194971,1,0.3099203043,0.05611367872,Pass
0.9611313689,0.1353237015,0,0.458247285,1,Fail
0.9839889758,0.0654081749,0,0.5465172558,1,Fail
0.9993737259,0.003669020339,1,0.8634459829,0.006806625645,Pass
0.9804104229,0.07738008266,0,0.5279580335,1,Fail
0.7503916493,0.5358108167,0,0.2740596909,1,Fail
0.9935100202,0.03029948409,0,0.6393480704,1,Fail
0.9601797386,0.1379691559,1,0.4706295384,0.03610451701,Pass
0.9780884305,0.08489512616,0,0.5168513389,1,Fail
0.9989518328,0.005926848769,1,0.8031014281,0.006801079464,Pass
0.9989362702,0.006008051086,1,0.8016182485,0.006942041597,Pass
0.9743143721,0.09674304574,0,0.4669146766,1,Fail
0.9990168797,0.005585591844,1,0.8097012838,0.00613042185,Pass
0.9998673529,0.0008275578713,1,0.9414646567,0,Pass
0.9993033293,0.004054669919,1,0.8572111349,0.007659762035,Pass
0.9306502637,0.2133379596,0,0.4003628215,1,Fail
0.9994325721,0.003344598804,1,0.8556054524,0.003955250704,Pass
0.9987791849,0.006819640075,1,0.8104249618,0.01018474429,Pass
0.9879116087,0.05162911692,1,0.5516718293,0.02213926542,Pass
0.7274642537,0.5669766524,0,0.2663296303,1,Fail
0.9895534657,0.04561023003,0,0.5659181087,1,Fail
0.9998296622,0.00105605824,1,0.942714366,0.002964595064,Pass
0.9989712861,0.005825724013,1,0.8056190265,0.006335345152,Pass
0.8767697776,0.3284816776,0,0.3408841575,1,Fail
0.9998491155,0.0009385899953,1,0.9366815477,4.95E-05,Pass
0.9964720256,0.01776093385,1,0.6834802194,0.01357297547,Pass
0.9976538125,0.0123434911,0,0.737087889,1,Fail
0.8849072072,0.3124619793,0,0.2971305284,1,Fail
0.9967367119,0.01657485941,0,0.7076769181,1,Fail
0.9997871081,0.001310455894,1,0.9197779832,0.000991558758,Pass
0.9176628875,0.2432681786,1,0.3962171408,0.04405665703,Pass
0.9993079495,0.004030037475,1,0.8574770247,0.007581958333,Pass
0.8462754198,0.385095784,0,0.3212336678,1,Fail
0.9560233016,0.1493365513,1,0.4549481128,0.03594635461,Pass
0.9995360392,0.002765330794,1,0.8706006381,0.00332659248,Pass
0.9683459834,0.1146928539,1,0.4879299356,0.03259287254,Pass
0.9991787067,0.004727136387,1,0.8434354595,0.008226547391,Pass
0.07545867497,0.9939717968,0,0.0138715068,1,Fail
0.8665964403,0.3479431462,0,0.2804413915,1,Fail
0.9283788498,0.218692478,0,0.3518846379,1,Fail
0.4374998252,0.8497426207,0,0.2133439957,1,Fail
0.9995185313,0.002863488994,1,0.8847086798,0.006229031239,Pass
0.9623769869,0.1318359957,0,0.4248213711,1,Fail
0.9759957436,0.09151684522,0,0.5087720328,1,Fail
0.9781971257,0.08454717412,0,0.5155389612,1,Fail
0.940430523,0.1896369614,0,0.3733656715,1,Fail
0.6969249102,0.6060566643,1,0.2761803792,0.06815848238,Pass
0.9755717836,0.09284226499,0,0.4725278692,1,Fail
0.9999112444,0.0005572037874,1,0.9670970941,0.002061153262,Pass
0.9998291759,0.001058972795,1,0.9311696085,0.0002932907581,Pass
0.9973002491,0.01399877682,0,0.724916182,1,Fail
0.998267442,0.009387974085,0,0.7638269806,1,Fail
0.1447482277,0.9814028082,1,0.1868321394,0.1168256925,Pass
0.6908128104,0.6135634201,0,0.26090573,1,Fail
0.9877956185,0.05204750699,0,0.5747561798,1,Fail
0.9892219088,0.0468385067,0,0.5857716953,1,Fail
0.05919342071,0.9959430278,0,0.1918675265,1,Fail
0.7618397845,0.5196210547,0,0.2858122432,1,Fail
0.177533939,0.9730760418,0,0.1838569161,1,Fail
0.9945490687,0.02603428613,0,0.6562542056,1,Fail
0.7841568333,0.486774141,0,0.2239042383,1,Fail
0.5319275176,0.7771135549,0,0.2212105641,1,Fail
0.9985637398,0.007914407595,1,0.7969002662,0.0111856444,Pass
0.3923243183,0.8788902667,0,0.2073017476,1,Fail
0.9995178018,0.002867651058,1,0.886008035,0.006523397449,Pass
0.9995275284,0.002812327179,1,0.8685477287,0.003712231628,Pass
0.99048467,0.04211811373,0,0.5976030588,1,Fail
0.8481717501,0.381719842,0,0.3166847267,1,Fail
0.999889481,0.0006932039191,1,0.9608329956,0.00250995881,Pass
0.9735115594,0.09921012171,0,0.4915247328,1,Fail
0.9955071428,0.02198206899,0,0.6748824739,1,Fail
0.9259432988,0.2243752979,0,0.348335409,1,Fail
0.9997406634,0.001585582586,1,0.9088488473,0.001517815313,Pass
0.9999231595,0.0004844304408,1,0.9707735679,0.00184736533,Pass
0.9986883624,0.00728359273,0,0.7891778327,1,Fail
0.9981563151,0.009932259353,1,0.7741474171,0.01251552825,Pass
0.9434941719,0.1819804764,1,0.3810762961,0.03589909394,Pass
0.3284253917,0.9143592416,0,0.1932527743,1,Fail
0.999945774,0.0003431728679,1,0.9789832266,0.001568183404,Pass
0.9335282552,0.2064749687,0,0.3998937787,1,Fail
0.9979553384,0.01090643809,1,0.762793209,0.01274106429,Pass
0.9044751425,0.2721118641,0,0.3728303978,1,Fail
0.4422118966,0.846500834,0,0.09566194611,1,Fail
0.7142472072,0.5842185906,0,0.1871175763,1,Fail
0.8279206398,0.4168755292,1,0.3222948579,0.05457457194,Pass
0.9972617073,0.01417679306,1,0.7344258631,0.01429203425,Pass
0.8680185969,0.3452588109,0,0.3304391403,1,Fail
0.1983209872,0.9669939868,0,0.0382897617,1,Fail
0.9995773774,0.002530888058,1,0.8772231644,0.003050767169,Pass
0.7908818331,0.4765249548,0,0.2258890105,1,Fail
0.7225522998,0.573444501,0,0.1907268131,1,Fail
0.8504999433,0.3775502981,1,0.3336829763,0.05170420189,Pass
0.9840201011,0.06530193086,0,0.5488586533,1,Fail
0.1926734561,0.9687084529,0,0.1986934509,1,Fail
0.9992850919,0.00415395362,1,0.8359521321,0.005320028334,Pass
0.9982231858,0.009605207162,0,0.7640857348,1,Fail
0.999630874,0.002224972325,1,0.8866311838,0.002587035974,Pass
0.8639922537,0.3528288101,0,0.3360108225,1,Fail
0.6533792236,0.6573957375,0,0.1624183148,1,Fail
0.999332874,0.003892379047,1,0.8597726625,0.007306968843,Pass
0.999543091,0.002724616883,1,0.8713047967,0.003457872511,Pass
0.9960816226,0.01948745595,1,0.6732922178,0.0137668333,Pass
0.9715965054,0.1050276678,0,0.4894945698,1,Fail
0.9469516281,0.1731943549,0,0.4272994615,1,Fail
0.930060586,0.2147330204,0,0.3548597132,1,Fail
0.9994277087,0.003371267516,1,0.8548099045,0.004043734112,Pass
0.9995297169,0.002800374456,1,0.8863296539,0.006138929485,Pass
0.9804147999,0.0773657581,0,0.4969172509,1,Fail
0.9998537356,0.0009108191745,1,0.9499707709,0.002855698775,Pass
0.4582448057,0.835178534,0,0.1008838279,1,Fail
0.9924595429,0.03449497639,1,0.634833494,0.02101655825,Pass
0.9296645902,0.2156681014,0,0.3972939578,1,Fail
0.9865609429,0.05646146221,0,0.5642468115,1,Fail
0.9445244663,0.1793788573,0,0.4200469233,1,Fail
0.9995272852,0.002813876762,1,0.8690118891,0.003491251004,Pass
0.7584066449,0.5245215601,0,0.2768558961,1,Fail
0.999720967,0.001701327408,1,0.9192589012,0.004450001498,Pass
0.9997990233,0.001239448716,1,0.9362513033,0.003570190068,Pass
0.904286932,0.2725131886,0,0.3189746787,1,Fail
0.9960125634,0.01978996388,0,0.6863796001,1,Fail
0.9992359723,0.004419015764,1,0.8313399867,0.005165495672,Pass
0.9841456963,0.06487178496,0,0.5495016536,1,Fail
0.9152490999,0.2486574852,0,0.3795896857,1,Fail
0.9918699869,0.03680451727,0,0.6164278902,1,Fail
0.9560574665,0.1492444649,1,0.4098638241,0.03283458022,Pass
0.4178645329,0.8628377189,0,0.2090781129,1,Fail
0.9999720359,0.00017835938,1,0.9884327191,0.001034583168,Pass
0.9981929116,0.009753833836,0,0.7634481039,1,Fail
0.9907238238,0.04121150138,1,0.5802923905,0.02028003384,Pass
0.9957261138,0.02103726232,1,0.6908047717,0.01700771214,Pass
0.4744977801,0.8232337083,0,0.2159334218,1,Fail
0.7886706028,0.4799133904,0,0.2252539207,1,Fail
0.9655117618,0.122925089,1,0.4362520324,0.03098849088,Pass
0.8252539596,0.4213626689,1,0.2502925502,0.05122613337,Pass
0.9910862628,0.03982877532,1,0.6185042238,0.02234451991,Pass
0.9917432974,0.03729632876,1,0.6271371223,0.02196382251,Pass
0.9990608928,0.005354642064,0,0.8094126435,1,Fail
0.9935721491,0.03004764119,0,0.617858052,1,Fail
0.675645086,0.6317599121,0,0.1710400346,1,Fail
0.9983256803,0.009100739174,1,0.7808298925,0.01154958624,Pass
0.6870472628,0.618138058,0,0.1764274828,1,Fail
0.03848710363,0.9979174468,0,0.01368673769,0.1833863984,Fail
0.8186957717,0.4322657872,1,0.3105824877,0.05389303348,Pass
0.9976128391,0.01253740033,0,0.7357041775,1,Fail
0.9675394017,0.1170537235,0,0.478822113,1,Fail
0.9217344595,0.2340590197,1,0.3444299911,0.03938332276,Pass
0.9866163848,0.0562656951,1,0.5402196472,0.02321800959,Pass
0.9961256356,0.0192941539,0,0.6893725374,1,Fail
0.3538876716,0.9010141853,0,0.1961881838,1,Fail
0.9909635855,0.04029807141,0,0.5812757811,1,Fail
0.9938303914,0.02899740634,1,0.6530629732,0.01921230361,Pass
0.9982462866,0.009491480433,1,0.7771197574,0.01190982748,Pass
0.9977893776,0.01170023649,1,0.7316842992,0.01059473721,Pass
0.9996311171,0.002223921207,1,0.9027508032,0.00536380572,Pass
0.9996973799,0.001839916797,1,0.900164797,0.001726272983,Pass
0.9984584489,0.008441648124,1,0.7669454861,0.008753926555,Pass
0.9986968732,0.007240372696,0,0.7797928447,1,Fail
0.8810604422,0.3200871226,0,0.2933805168,1,Fail
0.9953420331,0.02268984737,1,0.6545671166,0.01518171085,Pass
0.7205611348,0.5760460554,0,0.2587240579,1,Fail
0.8049928795,0.4544587652,0,0.301011415,1,Fail
0.9985132829,0.008167937396,0,0.7673639136,1,Fail
0.6527798194,0.6580688838,0,0.2486227482,1,Fail
0.9918248796,0.03697999306,1,0.5942697707,0.01912494894,Pass
0.9956442885,0.02139098457,1,0.66205846,0.01450188239,Pass
0.9994379217,0.003314512191,1,0.8560372739,0.004051852184,Pass
0.9994920262,0.003011977673,1,0.8642668602,0.003492798487,Pass
0.9988413139,0.006500236172,1,0.7940886619,0.007208595186,Pass
0.9966024842,0.01717783968,1,0.6882218599,0.01285791183,Pass
0.9985776003,0.007843779061,0,0.7834125885,1,Fail
0.9981797807,0.009817697923,1,0.7505439148,0.009763043549,Pass
0.9993559748,0.003767039534,1,0.8454048483,0.00449900561,Pass
0.7890235583,0.4793740117,0,0.2925716451,1,Fail
0.999604612,0.002375537661,1,0.8818430955,0.002848025448,Pass
0.7185724014,0.5786326607,0,0.1888399486,1,Fail
0.6577602244,0.6524502551,0,0.249131193,1,Fail
0.9981603274,0.009912139009,1,0.7494041902,0.009877857594,Pass
0.999316825,0.003981062712,1,0.8403134897,0.00485556707,Pass
0.9723635726,0.1027088995,1,0.4608087184,0.02897270675,Pass
0.8182943046,0.4329272154,0,0.3077678294,1,Fail
0.9970253499,0.0152640725,1,0.7278778667,0.01507868537,Pass
0.5905839061,0.7233033777,0,0.2257679272,1,Fail
0.9768653054,0.08878144773,0,0.5093921973,1,Fail
0.9959763317,0.019949303,1,0.6972757587,0.01672749526,Pass
0.9956634986,0.02130841913,1,0.6918542395,0.01760291991,Pass
0.005056759207,0.9998439593,0,0.192742789,0.1928796743,Fail
0.5872735653,0.7265316368,0,0.1392079306,1,Fail
0.9880268694,0.05121101226,1,0.590235616,0.02491158077,Pass
0.05993519868,0.9958611732,0,0.01535781826,0.2103947182,Fail
0.9363409567,0.1996796587,0,0.3652989518,1,Fail
0.5274424417,0.7809419374,0,0.2213980509,1,Fail
0.9979709011,0.01083150882,1,0.7404227475,0.01001920792,Pass
0.999075118,0.005278680192,1,0.8333392343,0.008693953097,Pass
0.9960017425,0.0198386539,1,0.6978822365,0.01668413689,Pass
0.891400105,0.2993711462,1,0.3669193716,0.04734445064,Pass
0.8426971101,0.3914175437,0,0.3189392228,1,Fail
0.6238016018,0.6895717881,0,0.2339306978,1,Fail
0.4344674232,0.8518083722,0,0.09324908845,1,Fail
0.9984348618,0.00855944133,1,0.787666481,0.01133348775,Pass
0.9665775585,0.1198495211,0,0.4377601781,1,Fail
0.9956100021,0.02153959913,1,0.6910704071,0.01776781465,Pass
0.7309410416,0.562354625,0,0.1949370682,1,Fail
0.8439964678,0.3891291907,0,0.261718593,1,Fail
0.9535240412,0.1560339482,1,0.4506305419,0.03679592863,Pass
0.9750151766,0.09457429746,0,0.503249096,1,Fail
0.9292431834,0.2166612992,0,0.3540983104,1,Fail
0.9998457112,0.0009593818031,1,0.9475296923,0.0028990379,Pass
0.9985130397,0.008168747864,1,0.7911329717,0.010823648,Pass
0.4573779188,0.8358024384,1,0.09969895635,0.0853141878,Pass
0.9801836706,0.07812212688,1,0.5405536746,0.02936167678,Pass
0.9932639362,0.03129208953,0,0.61288483,1,Fail
0.9984509108,0.008479270273,1,0.7892044904,0.01140134718,Pass
0.9892774723,0.04663303551,0,0.5629220751,1,Fail
0.996438104,0.01791236755,1,0.6835320942,0.01302559675,Pass
0.9880477816,0.05113525368,0,0.5768668701,1,Fail
0.9206725535,0.2364756904,1,0.3412085424,0.04128748226,Pass
0.9831827588,0.06815031462,0,0.5138212795,1,Fail
0.9111883487,0.2576098146,0,0.3724453172,1,Fail
0.9995588968,0.002635950383,1,0.8738736014,0.003318308813,Pass
0.9995686235,0.002580214876,1,0.8751469801,0.003391392209,Pass
0.9994925125,0.003009902026,1,0.8815025347,0.006531170635,Pass
0.9941438325,0.02771190953,0,0.6279104608,1,Fail
0.9882241986,0.05049502688,1,0.59006733,0.02440796597,Pass
0.9958320126,0.02057798265,1,0.6940767301,0.01700794705,Pass
0.9998393888,0.000997926836,1,0.9331268697,0.0004602772216,Pass
0.00517822064,0.9998397373,0,0.1833556014,0.1642658986,Fail
0.9617520502,0.133589655,0,0.4226797984,1,Fail
0.999335792,0.003877464817,1,0.8601693024,0.007307217219,Pass
0.9957385153,0.02098368795,1,0.6945306559,0.01767854908,Pass
0.9293002059,0.2165268638,1,0.3545518298,0.03961231344,Pass
0.5172413835,0.7895034112,0,0.1170346274,1,Fail
0.9455416298,0.1767967326,0,0.4219733415,1,Fail
0.9406170314,0.1891743322,0,0.4162246641,1,Fail
0.9618128417,0.1334195375,0,0.4586071959,1,Fail
0.9113191721,0.2573236467,0,0.3768574184,1,Fail
0.9991714117,0.004766318216,1,0.8438764789,0.008504498946,Pass
0.05642935243,0.996241237,0,0.1773349433,0.1754661053,Fail
0.9772217868,0.08765356679,0,0.510594234,1,Fail
0.9964365234,0.01791911382,1,0.7103136954,0.01618573212,Pass
0.08540647573,0.9925834567,0,0.01784580619,1,Fail
0.9274236936,0.2209282932,0,0.3964105027,1,Fail
0.9865853811,0.05637533179,0,0.565292874,1,Fail
0.9745388143,0.0960502866,0,0.4678812609,1,Fail
0.9971931345,0.01449379652,1,0.7079178992,0.01171988214,Pass
0.9867005202,0.05596659733,1,0.5769715456,0.02521476433,Pass
0.724197318,0.5712862107,0,0.2668385419,1,Fail
0.9982462866,0.009491676992,1,0.7548171536,0.009231963862,Pass
0.9888412324,0.04824150524,1,0.5605270204,0.02142292501,Pass
0.03997357758,0.9977956127,0,0.1898598584,0.2190072338,Fail
0.7299150025,0.5637225876,0,0.2756154069,1,Fail
0.5536198729,0.7580352304,0,0.2121209893,1,Fail
0.9634221145,0.1288870331,1,0.428845626,0.03238913003,Pass
0.9998148291,0.001144852806,1,0.9401834634,0.003402893875,Pass
0.99880338,0.006695100596,1,0.8103223703,0.009702290333,Pass
0.9501371031,0.1649555821,0,0.3929879107,1,Fail
0.8548075079,0.3697624365,0,0.3270611496,1,Fail
0.9777301253,0.08603773553,1,0.4843335435,0.02737843103,Pass
0.9961859408,0.01902856939,1,0.6748343118,0.01441219515,Pass
0.9976713205,0.01226198385,1,0.7530306373,0.01397857536,Pass
0.9856405595,0.05970014161,0,0.5604571145,1,Fail
0.9928476359,0.03295689892,0,0.6066587562,1,Fail
0.9793434104,0.08085569341,1,0.5375388323,0.02996611584,Pass
0.9843544544,0.06415598268,1,0.5239033963,0.02383044253,Pass
0.8641127425,0.3526036238,0,0.3378720222,1,Fail
0.999329956,0.003908515375,1,0.8417983013,0.004832775718,Pass
0.8988594662,0.2839728966,1,0.3140391596,0.04353108316,Pass
0.6529327708,0.6578971615,1,0.1623351306,0.06869452775,Pass
0.9969995743,0.01538117438,1,0.7002901782,0.01255858935,Pass
0.9975109525,0.01301660918,1,0.7198790331,0.01117688331,Pass
0.9920663435,0.03603851981,0,0.5953526791,1,Fail
0.9741019666,0.09739753786,0,0.4659923218,1,Fail
0.9991917161,0.00465760912,1,0.8471295767,0.008645954374,Pass
0.957932155,0.144153066,0,0.4122371805,1,Fail
0.7264748111,0.5682852058,0,0.2666562878,1,Fail
0.9697992652,0.1104031561,0,0.485323619,1,Fail
0.5859639946,0.7278021063,0,0.1386980159,1,Fail
0.9275788335,0.2205657635,0,0.3939088301,1,Fail
0.9972285152,0.01433023542,0,0.7058931621,1,Fail
0.9995355529,0.002767544099,1,0.8706509759,0.003284374875,Pass
0.8184764359,0.4326271537,0,0.3038841434,1,Fail
0.9152128682,0.2487376381,1,0.3867484713,0.04298960178,Pass
0.9995523313,0.002672708213,1,0.8732527974,0.00318798389,Pass
0.9920602643,0.03606249997,0,0.6179482149,1,Fail
0.9701531934,0.1093500213,1,0.4518278692,0.03008463753,Pass
0.9998819429,0.0007389063488,1,0.9581705116,0.002520997385,Pass
0.9988849622,0.006274546358,1,0.8187346968,0.009831271238,Pass
0.9311034036,0.2122631657,1,0.4144363532,0.04195030704,Pass
0.943906703,0.1809403414,0,0.420096077,1,Fail
0.9957346246,0.02100102012,1,0.6637466213,0.0146820392,Pass
0.4282304577,0.8560072544,0,0.206184388,1,Fail
0.9513201058,0.161859249,1,0.4468551135,0.03748112067,Pass
0.9814427843,0.07397781254,0,0.5028287912,1,Fail
0.9995776206,0.002529573066,1,0.894176926,0.005870723022,Pass
0.9900900116,0.04360543327,0,0.5968469847,1,Fail
0.9574617503,0.1454361152,0,0.4481395313,1,Fail
0.9273495279,0.2211016095,1,0.4038759773,0.04145013343,Pass
0.7070862107,0.5933488676,1,0.2678601801,0.06424280192,Pass
0.998485562,0.008306514668,1,0.7695172053,0.008235445249,Pass
0.9956945022,0.02117504999,1,0.6904929762,0.017141241,Pass
0.9940554416,0.0280761921,0,0.6448567072,1,Fail
0.9552730128,0.1513574013,1,0.4558950324,0.03668466069,Pass
0.9687824665,0.1134093307,0,0.4804568331,1,Fail
0.8082730677,0.4492165815,1,0.2388723105,0.05308640889,Pass
0.9947952743,0.02500531732,1,0.6425404888,0.01608600273,Pass
0.9869222877,0.05517852605,0,0.5681160248,1,Fail
0.9984251352,0.008608172413,1,0.7646540279,0.008985592422,Pass
0.9992447263,0.004372538374,1,0.851672086,0.008171753409,Pass
0.9997995096,0.001236600297,1,0.9232978841,0.0006907160213,Pass
0.9846240039,0.06322865628,0,0.5234751553,1,Fail
0.9995846724,0.002489115961,1,0.8935852114,0.005450203969,Pass
0.8291316067,0.4148269671,1,0.2517654226,0.05221153907,Pass
0.9585345988,0.1425043421,1,0.4571212672,0.03453363407,Pass
0.9417386347,0.1863821427,1,0.4294553262,0.03961124653,Pass
0.9969201806,0.01574359907,0,0.71239756,1,Fail
0.9997557397,0.001497337139,1,0.9132612558,0.0009878812878,Pass
0.9773242812,0.0873283671,0,0.5121769705,1,Fail
0.9945420168,0.02606304025,0,0.6353577262,1,Fail
0.9937226689,0.02943636238,0,0.620529787,1,Fail
0.9998104521,0.001171686775,1,0.9386092009,0.003355134596,Pass
0.9947168532,0.02533326345,1,0.6409689026,0.01617573121,Pass
0.9979257938,0.0110489701,0,0.7350954833,1,Fail
0.9575329979,0.145241689,0,0.4490336134,1,Fail
0.9906312991,0.04156274107,1,0.5791783232,0.02038453832,Pass
0.9355849535,0.2015147525,1,0.3653118254,0.03830065526,Pass
0.9934675877,0.03047096408,0,0.6362396581,1,Fail
0.999848386,0.0009433230556,1,0.9481629175,0.00284834405,Pass
0.6095252025,0.7043715298,0,0.1457053004,1,Fail
0.9863402698,0.05724245199,0,0.5627149294,1,Fail
0.4154424777,0.8644073454,0,0.2045023828,1,Fail
0.9669403622,0.1187975495,1,0.4872943681,0.0337979946,Pass
0.9963414455,0.01834190761,1,0.6791907999,0.01413861039,Pass
0.9989988854,0.005680353347,0,0.8037929214,1,Fail
0.9965115401,0.01758485896,1,0.6843723602,0.01368515927,Pass
0.9982319398,0.00956183365,1,0.7751562168,0.01170390998,Pass
0.8296231668,0.413993472,0,0.3072072886,1,Fail
0.9996689294,0.002005029498,1,0.9093857326,0.004994539387,Pass
0.9982070153,0.009685162139,1,0.7526567101,0.009340852342,Pass
0.3693496269,0.8924039435,0,0.2018792977,1,Fail
0.9709744867,0.1068964621,1,0.4976761583,0.0319676613,Pass
0.9993761575,0.003655717957,1,0.8477518877,0.00447242032,Pass
0.903709899,0.2737419553,0,0.3179641375,1,Fail
0.9966167094,0.01711386654,1,0.7159916206,0.01598578783,Pass
0.9955678127,0.02172062972,1,0.6889418525,0.01759310691,Pass
0.9983729761,0.008866927176,1,0.7619322529,0.008930390341,Pass
0.9997520922,0.001518734442,1,0.9257354383,0.004125222025,Pass
0.8482803237,0.3815260189,0,0.3274704165,1,Fail
0.9755350656,0.09295711991,1,0.4738617191,0.02828230393,Pass
0.9288238436,0.2176473671,0,0.352822294,1,Fail
0.9938910614,0.02874951616,0,0.6438234922,1,Fail
0.9725474061,0.1021506834,0,0.4938527145,1,Fail
0.9941371454,0.02774057749,1,0.658987998,0.0190307022,Pass
0.9914525924,0.03842181599,0,0.6107146178,1,Fail
0.99770354,0.01210906654,1,0.7278896364,0.01078622492,Pass
0.4516669214,0.8398787972,0,0.2128917394,1,Fail
0.9876289281,0.05264859975,0,0.547177169,1,Fail
0.8991201402,0.2834274865,1,0.3751164856,0.04652641463,Pass
0.9438899246,0.1809828628,0,0.3797171993,1,Fail
0.9790359269,0.08185002211,0,0.5207171412,1,Fail
0.9570669702,0.1465099937,0,0.40965908,1,Fail
0.9977905934,0.01169509366,1,0.7315742511,0.01067946584,Pass
0,1,0,0,0.1952920655,Fail
0.9992962775,0.004093175909,1,0.8569150606,0.007803429111,Pass
0.9961266083,0.01929037351,1,0.674343659,0.01378260875,Pass
0.1549869766,0.9789680217,1,0.03100916366,0.1156753686,Pass
0.9989712861,0.005825783923,1,0.8046732412,0.006768981308,Pass
0.994753936,0.02517819477,1,0.6731136283,0.01888826735,Pass
0.9985037994,0.008215431909,1,0.7699008149,0.008550980154,Pass
0.99356607,0.03007192023,0,0.6177521478,1,Fail
0.9844748216,0.06374180381,1,0.5238759435,0.02449306323,Pass
0.9983615473,0.008923890166,1,0.7832862631,0.01153366999,Pass
0.8901124193,0.3019895454,0,0.3557490572,1,Fail
0.9991500131,0.004881280842,1,0.8412228561,0.008503766672,Pass
0.8843614211,0.3135493961,0,0.3449223178,1,Fail
0.9898579096,0.04447494448,0,0.591557176,1,Fail
0.9865733444,0.05641762692,0,0.5383298943,1,Fail
0.9978290137,0.01151205574,1,0.7332944514,0.0106008679,Pass
0.9997474721,0.001546311901,1,0.9256050997,0.004358184773,Pass
0.9877562256,0.05219040788,1,0.549452481,0.0229919677,Pass
0.9999793309,0.0001315832819,1,0.9924177049,0.001125495749,Pass
0.9969385397,0.01566000237,1,0.6980130589,0.0128038277,Pass
0.9996097185,0.00234690841,1,0.8989468461,0.005513013469,Pass
0.9931316539,0.03182318854,1,0.6122762868,0.01847808762,Pass
0.9999771424,0.0001455684021,1,0.9909366945,0.001037768107,Pass
0.9838097625,0.06602045266,1,0.5575379295,0.0269261419,Pass
0.8760474529,0.3298835237,0,0.3396540375,1,Fail
0.9999635251,0.0002309701424,1,0.9858415153,0.001320137911,Pass
0.9997834606,0.001332685879,1,0.9191500663,0.0009284791101,Pass
0.9996601755,0.002055337427,1,0.8919152705,0.002416813068,Pass
0.8401124983,0.3959448783,0,0.3108116862,1,Fail
0.9849882666,0.0619691133,0,0.5540058354,1,Fail
0.9989661796,0.005851624665,1,0.8042195267,0.006801310339,Pass
0.9969239497,0.01572532719,1,0.7240054551,0.01515244073,Pass
0.9968568359,0.01603036884,1,0.6955023955,0.01283723757,Pass
0.9913189727,0.03893565552,1,0.5876825883,0.01963217966,Pass
0.999472816,0.003120249897,1,0.8609208085,0.003837389625,Pass
0.3738596273,0.8898194061,0,0.2020482477,1,Fail
0.9931402863,0.03178830071,1,0.6452220526,0.02052005952,Pass
0.4030749317,0.8722668513,0,0.2040143844,1,Fail
0.9997885671,0.001302208169,1,0.9207995441,0.0007301708495,Pass
0.9992240572,0.004483160552,1,0.8293470938,0.005538404124,Pass
0.9779634431,0.0852938819,0,0.5148735988,1,Fail
0.9990694036,0.005309127274,1,0.8337570664,0.008915274066,Pass
0.9899048406,0.04429973257,0,0.5692865199,1,Fail
0.9911255341,0.0396792399,1,0.6209670468,0.02271648137,Pass
0.6068869727,0.7070560159,0,0.1450098562,1,Fail
0.9975924131,0.01263316213,1,0.7235485412,0.01083281663,Pass
0.9951358283,0.02356774599,0,0.6476050335,1,Fail
0.318579356,0.9192451855,0,0.2092501235,1,Fail
0.998435105,0.008558312463,0,0.7625698931,1,Fail
0.6490221747,0.6622675938,0,0.2466210796,1,Fail
0.9970493018,0.01515408308,1,0.7261694731,0.01452130961,Pass
0.9997871081,0.001311043215,1,0.9195096267,0.00108546767,Pass
0.9984492086,0.00848869163,1,0.7664051338,0.008761239552,Pass
0.9393581608,0.1922898689,0,0.4067801369,1,Fail
0.8927153901,0.2966845491,1,0.3680312309,0.0471533136,Pass
0.9986358386,0.007550055019,1,0.8002417444,0.01066462162,Pass
0.9986304889,0.007577349084,1,0.7789624114,0.007796227161,Pass
0.9911415831,0.03961655112,0,0.6057560281,1,Fail
0.999477193,0.00309476222,1,0.877572019,0.006260943233,Pass
0.9774870809,0.08681161688,0,0.511558534,1,Fail
0.9998471701,0.0009505216826,1,0.9353801185,0.0003396609561,Pass
0.971043789,0.1066888853,0,0.4834547074,1,Fail
0.9236644683,0.2296395823,0,0.392831952,1,Fail
0.9914258441,0.03852427424,1,0.624600955,0.0224934356,Pass
0.999341628,0.003845499789,1,0.8437139444,0.004546444273,Pass
0.5763200298,0.7370459888,0,0.1350216755,1,Fail
0.9898165714,0.04462983815,1,0.5703840986,0.02080246963,Pass
0.9997270461,0.001666257829,1,0.9212624768,0.004553439004,Pass
0.173575196,0.9741635016,0,0.1832504642,1,Fail
0.9695930604,0.1110142868,0,0.4483340607,1,Fail
0.9117901847,0.2562918479,0,0.3763550573,1,Fail
0.9952628825,0.02302712869,0,0.6502158149,1,Fail
0.9964119636,0.01802787138,0,0.6792860539,1,Fail
0.3729347453,0.8903520642,0,0.1908752015,1,Fail
0.9905232118,0.0419726845,0,0.5998458459,1,Fail
0.9800149134,0.07867281982,1,0.4965791093,0.02617832614,Pass
0.9506550467,0.163602418,0,0.4330900182,1,Fail
0.9036048513,0.2739656122,0,0.3667392277,1,Fail
0.9994388944,0.003308994074,0,0.8606719012,1,Fail
0.819511229,0.430920313,0,0.244184986,1,Fail
0.9735812265,0.09899698743,0,0.4962964487,1,Fail
0.9775554105,0.08659451372,0,0.5128726946,1,Fail
0.6491638189,0.662109916,0,0.1599578875,1,Fail
0.9993890453,0.003584537443,1,0.8494924271,0.004362886658,Pass
0.998861983,0.006393026173,1,0.8185119602,0.01023680358,Pass
0.7570850375,0.5263976674,0,0.2834556931,1,Fail
0.9980386228,0.01050391542,1,0.7671898496,0.01261202632,Pass
0.008921640111,0.9997007568,0,0.1831720765,0.1656118834,Fail
0.9981392935,0.01001545082,0,0.7456889188,1,Fail
0.9959774259,0.01994407266,0,0.6861618749,1,Fail
0.9975701634,0.0127385405,1,0.7466688577,0.01375765804,Pass
0.997981114,0.01078230183,1,0.7636844629,0.01260994564,Pass
0.9919020848,0.03667956246,1,0.5948817257,0.01937192556,Pass
0.3095702977,0.9235831344,0,0.194688149,1,Fail
0.9998106952,0.001169977657,1,0.9395161763,0.003529942448,Pass
0.9995739731,0.00255034165,1,0.8767108877,0.003053127014,Pass
0.9958613141,0.0204506099,0,0.6829354316,1,Fail
0.9997100245,0.001766384982,1,0.9020159426,0.001894327674,Pass
0.9996837626,0.001919475627,1,0.8966766697,0.002130719522,Pass
0.8679204794,0.3454444701,0,0.3337278098,1,Fail
0.928204135,0.2191022464,1,0.353581715,0.03895216316,Pass
0.9963877686,0.01813641354,0,0.6967678652,1,Fail
0.9991045411,0.005122330509,1,0.8357843956,0.008495180994,Pass
0.196797552,0.9674609888,1,0.03939712094,0.1097129693,Pass
0.8586832097,0.362672493,0,0.3359934716,1,Fail
0.9237172354,0.2295185883,0,0.3446801282,1,Fail
0.9493063263,0.1671181267,0,0.3911443101,1,Fail
0.7021241647,0.5995903236,0,0.2612296703,1,Fail
0.9980445804,0.01047537537,1,0.7674237168,0.01258601991,Pass
0.9979407485,0.01097592026,1,0.7635468257,0.01306583492,Pass
0.9302066072,0.2143879602,1,0.4121326695,0.04188774566,Pass
0.07005199984,0.9946680778,0,0.1773122387,0.1840025172,Fail
0.8637824014,0.3532207859,0,0.3345147253,1,Fail
0.9952878071,0.02292111084,1,0.6826444474,0.0179484098,Pass
0.9998510608,0.0009268025297,1,0.9366571793,0.0002293115284,Pass
0.9997340979,0.001625052859,1,0.907351168,0.001591573336,Pass
0.8830524583,0.3161500458,0,0.2953742226,1,Fail
0.9991847859,0.004695225211,1,0.8253106252,0.005656868503,Pass
0.9946283408,0.02570314391,0,0.6575009445,1,Fail
0.9078542993,0.2648573282,0,0.3672928006,1,Fail
0.6827505191,0.6233115269,0,0.1760178381,1,Fail
0.9993693489,0.003693028776,0,0.8530748563,1,Fail
0.9673214034,0.1176888505,0,0.4740427833,1,Fail
0.9997302073,0.001647350831,1,0.9207517155,0.004273417658,Pass
0.9962843015,0.01859498102,1,0.7052521516,0.01625366221,Pass
0.5452898557,0.7654727113,0,0.2250090343,1,Fail
0.9719433817,0.1039807368,0,0.4887375256,1,Fail
0.9294951034,0.2160676811,1,0.3550109525,0.03940512865,Pass
0.7604361086,0.5216292926,0,0.2775327629,1,Fail
0.9988510405,0.006449423047,1,0.7947621685,0.007221906748,Pass
0.9698539776,0.1102403085,0,0.4833792173,1,Fail
0.9852573298,0.06103606246,0,0.5283124622,1,Fail
0.9959576079,0.02003104586,0,0.6843433286,1,Fail
0.999994164,3.79E-05,1,0.998315915,0.0007996866827,Pass
0.6462831525,0.6653063379,0,0.237533483,1,Fail
0.9949341221,0.02442103168,1,0.6741195397,0.01815786085,Pass
0.9993956108,0.003548747262,1,0.850476969,0.004264066725,Pass
0.9146820367,0.2499159565,0,0.3319703526,1,Fail
0.9988983363,0.006205261424,1,0.8185321286,0.009519146283,Pass
0.9865895149,0.05636039333,1,0.5791932511,0.0259015559,Pass
0.9989615595,0.005876490018,1,0.8245683377,0.009438774162,Pass
0.9537034977,0.1555559389,0,0.401284583,1,Fail
0.9933613242,0.0309001218,0,0.6144243098,1,Fail
0.962404343,0.1317589339,1,0.425632104,0.03283702518,Pass
0.9592951006,0.1404139265,0,0.4157240916,1,Fail
0.9955591804,0.02175840669,1,0.6592007124,0.01514217105,Pass
0.9991599829,0.004827340279,1,0.8221789898,0.006058613216,Pass
0.06604085457,0.9951583437,0,0.01219720138,1,Fail
0.9926437412,0.03376700901,0,0.6034772921,1,Fail
0.770079587,0.5076964772,0,0.2792826569,1,Fail
0.9970039513,0.01536138523,0,0.7132622304,1,Fail
0.9926466592,0.03375532588,1,0.6386920137,0.0211043979,Pass
0.9955340127,0.02186685326,1,0.6586569577,0.01514228915,Pass
0.8130139542,0.4415626167,0,0.2400229995,1,Fail
0.9458406025,0.176035291,0,0.4235458807,1,Fail
0.6822652813,0.6238926515,0,0.2631683148,1,Fail
0.9926594254,0.03370476182,1,0.6418548337,0.02168343717,Pass
0.9978670692,0.01133023622,0,0.7478988399,1,Fail
0.7368186077,0.5544579398,0,0.2703557299,1,Fail
0.9993579201,0.003755791932,1,0.8452230586,0.004678646362,Pass
0.9982584449,0.009431727925,1,0.7784158571,0.01200555613,Pass
0.9951054325,0.0236965108,1,0.64924349,0.01555775636,Pass
0.2238815062,0.9586519696,0,0.04620327183,1,Fail
0.9724625412,0.1024088808,0,0.4922608947,1,Fail
0.715922378,0.5820616358,0,0.1880325332,1,Fail
0.9997861355,0.001316566044,1,0.919737801,0.0009255150241,Pass
0.476489553,0.8217370616,1,0.2228262291,0.08415935127,Pass
0.841017076,0.3943639645,0,0.3143497866,1,Fail
0.9999085696,0.0005741268548,1,0.9670314294,0.002276725034,Pass
0.9887731459,0.04849138794,0,0.5578658442,1,Fail
0.9948136333,0.0249277197,1,0.6733358982,0.01862848859,Pass
0.7473807675,0.5399977654,0,0.2778339549,1,Fail
0.7961568338,0.4683665934,0,0.2914095162,1,Fail
0.9712845233,0.1059663677,0,0.4545920548,1,Fail
0.9969399987,0.01565327899,1,0.698972272,0.01226848455,Pass
0.9958074529,0.02068492675,1,0.6942358218,0.01719500967,Pass
0.99274964,0.03334698453,1,0.607186717,0.01828799742,Pass
0.9422104984,0.1852029195,1,0.3777787921,0.03687022469,Pass
0.5780043194,0.7354456884,0,0.2355178395,1,Fail
0.9930692818,0.03207288813,1,0.6447658676,0.0207088258,Pass
0.9994323289,0.003346001304,1,0.8553181253,0.00406203128,Pass
0.7390309323,0.5514581843,0,0.1981786722,1,Fail
0.6374435809,0.6749901243,0,0.1564481207,1,Fail
0.9979696852,0.01083678225,1,0.74001933,0.01020923832,Pass
0.9998807271,0.0007465171096,1,0.9577426167,0.002525097572,Pass
0.6985086506,0.6040948682,0,0.2556092435,1,Fail
0.9785078919,0.08355081521,0,0.5172727028,1,Fail
0.9999776287,0.0001430639611,1,0.9913941202,0.001096657181,Pass
0.9995817544,0.002505629251,1,0.8783885717,0.002847444988,Pass
0.9991750592,0.004746750525,1,0.823794525,0.005952237325,Pass
0.9997148878,0.001737879254,1,0.9029529529,0.001882277271,Pass
0.977592007,0.08647809172,0,0.5121803415,1,Fail
0.981629779,0.07335761858,1,0.5053268576,0.02594670009,Pass
0.998706843,0.007189553513,1,0.8051358479,0.01042599695,Pass
0.8503296055,0.3778563051,0,0.3285631251,1,Fail
0.9991288577,0.004993881397,1,0.8192063539,0.006121263227,Pass
0.9912941697,0.03903176466,1,0.5876637681,0.01944130728,Pass
0.5433778412,0.7671602084,0,0.1241073209,1,Fail
0.9544785894,0.1534873548,1,0.4545175216,0.03695443279,Pass
0.999553304,0.002666904681,1,0.8898280507,0.005944451541,Pass
0.9725881364,0.1020272122,0,0.459993674,1,Fail
0.9706417139,0.107893031,0,0.4520816598,1,Fail
0.9947145431,0.02534305638,1,0.6416031934,0.01574220085,Pass
0.9966123324,0.01713321411,1,0.6873948127,0.01352149587,Pass
0.9241818041,0.2284492873,0,0.3453992351,1,Fail
0.6498026161,0.6613983841,0,0.1620589148,1,Fail
0.09849209096,0.9905455357,0,0.1832516509,1,Fail
0.9976018966,0.01258846925,1,0.7487382362,0.01384544577,Pass
0.9986859308,0.007296857752,1,0.802193851,0.01019527316,Pass
0.9941095461,0.02785302793,1,0.6589809932,0.01915608942,Pass
0.9913749009,0.03872095145,1,0.6223733952,0.02221186107,Pass
1,0,1,1,0.0004885155298,Pass
0.8498443677,0.3787271518,0,0.2660653796,1,Fail
0.6165534303,0.6971435536,0,0.150156089,1,Fail
0.992363006,0.03487455015,1,0.601856424,0.0184724124,Pass
0.8695956501,0.3422687056,0,0.2825247813,1,Fail
0.999477193,0.003094940268,1,0.8787793208,0.006515515895,Pass
0.9996326977,0.002214187848,1,0.8872721134,0.002453120804,Pass
0.9526419564,0.1583739557,0,0.398830529,1,Fail
0.9992004701,0.004610165766,1,0.8456925755,0.008124836238,Pass
0.2810284416,0.9364984971,0,0.1949256738,1,Fail
0.9933388313,0.03099078384,0,0.6351876025,1,Fail
0.9267812489,0.2224270077,0,0.3493233884,1,Fail
0.9959404647,0.0201055295,0,0.6846487065,1,Fail
0.232716336,0.9555452861,0,0.04556351067,1,Fail
0.998035948,0.01051736893,1,0.7439160936,0.009710426853,Pass
0.9956617964,0.0213162384,0,0.6776968836,1,Fail
0.9589466114,0.1378640691,0,0.4433541988,1,Fail
0.9967507951,0.0160866707,0,0.6821225181,1,Fail
0.9951697233,0.02281925717,1,0.6440035387,0.01483513922,Pass
0.9964849556,0.01724872207,0,0.6917764631,1,Fail
0.9175224567,0.2378016738,1,0.3278368372,0.04247112449,Pass
0.967052765,0.1155007773,1,0.4328102605,0.03069625801,Pass
0.9853464959,0.05916752534,0,0.5206079454,1,Fail
0.8378791924,0.3910261395,0,0.3058922875,1,Fail
0.9975137153,0.01267196899,1,0.7372562314,0.01404621621,Pass
0.9985793378,0.007639237691,1,0.7888663964,0.01081866917,Pass
0.8987166735,0.2776475682,1,0.3671331876,0.04670882497,Pass
0.9994225257,0.003318456481,1,0.847959638,0.00427251416,Pass
0.9996247046,0.002206601539,1,0.8972295792,0.005590986256,Pass
0.9969792685,0.01507784876,1,0.6930589587,0.01207952212,Pass
0.999672513,0.001937837854,1,0.9051078005,0.004972650009,Pass
0.8621859528,0.3481749801,0,0.3270538086,1,Fail
0.9610345772,0.1322196531,0,0.4123955824,1,Fail
0.9643520978,0.123090151,1,0.4234341778,0.0320296753,Pass
0.9990058384,0.005505499656,0,0.7978534488,1,Fail
0.99972787,0.001623078301,1,0.9170645073,0.004591558077,Pass
0.3275191277,0.9045989543,0,0.2053490568,1,Fail
0.9692518223,0.1092088116,1,0.4403383864,0.03019938144,Pass
0.99340698,0.0299222134,0,0.6071864405,1,Fail
0.9998594687,0.0008565746282,1,0.9494694074,0.003011084353,Pass
0.9983101014,0.008946794263,1,0.7513122165,0.009087041759,Pass
0.9988479451,0.00630486573,1,0.8070548549,0.009654754798,Pass
0.9217557583,0.2284327519,1,0.3356472656,0.03961995468,Pass
0.9998265061,0.001051416831,1,0.926916884,0.0002973953941,Pass
0.9880178491,0.04992486648,0,0.566188284,1,Fail
0.9713719958,0.1030392148,0,0.4834738343,1,Fail
0.7464299131,0.5303564077,0,0.1940391227,1,Fail
0.9975485651,0.0125125181,0,0.7108827817,1,Fail
0.9962081705,0.01844416492,1,0.6680078538,0.01423301069,Pass
0.9865195613,0.05515325627,0,0.5296294445,1,Fail
0.9999705601,0.0001832737094,1,0.986126347,0.0008595750344,Pass
0.9959317629,0.01962466898,1,0.6606049478,0.01467786706,Pass
0.9898285266,0.04343496555,1,0.5622623821,0.02094177337,Pass
0.8061979974,0.4428559651,0,0.2268416441,1,Fail
0.9132010871,0.2472063441,0,0.321458824,1,Fail
0.510105045,0.7830312464,0,0.1065713613,1,Fail
0.7013754708,0.5888885188,0,0.2483356583,1,Fail
0.9997570582,0.001455885296,1,0.9233433364,0.004262221913,Pass
0.9971978029,0.01410176973,0,0.6973012616,1,Fail
0.9998214736,0.001081257663,1,0.9257085721,0.0002899924714,Pass
0.9993267833,0.003831323188,1,0.8547842932,0.007789153031,Pass
0.9970313545,0.01484532334,1,0.6931280358,0.01300303169,Pass
0.9961801146,0.01856512205,1,0.6672564347,0.01426221858,Pass
0.9995493436,0.002625804512,1,0.8845063143,0.006174944985,Pass
0.9978603257,0.011072773,1,0.7511247202,0.01308937519,Pass
0.9960818559,0.01898518664,1,0.6925341014,0.01673942692,Pass
0.1577624495,0.9723109757,0,0.02733257521,1,Fail
0.874918317,0.3245034609,0,0.3375365034,1,Fail
0.9991214591,0.004909277639,1,0.8124186083,0.006045448678,Pass
0.9953785702,0.02195244339,0,0.6651295918,1,Fail
0.9987549705,0.00677093192,0,0.7772477244,1,Fail
0.9508092566,0.1591861466,0,0.430818719,1,Fail
0.9945005326,0.02555856627,0,0.6266012163,1,Fail
0.935459009,0.1969404542,0,0.3969315911,1,Fail
0.9671656179,0.1151806916,1,0.4334144586,0.03047113086,Pass
0.8510289988,0.3682058954,0,0.25844016,1,Fail
0.9991332853,0.004848244889,1,0.8334412317,0.008723247254,Pass
0.925498773,0.2200133107,0,0.3389184179,1,Fail
0.9997797043,0.001324389172,1,0.9142864317,0.0009452107654,Pass
0.9581899817,0.1398908469,0,0.4403422055,1,Fail
0.9954098973,0.0218217118,0,0.645713558,1,Fail
0.8928200195,0.2896009719,0,0.347360885,1,Fail
0.931866339,0.2053798299,0,0.3887403382,1,Fail
0.9997296313,0.001613408338,1,0.9017694325,0.001720432386,Pass
0.9991603348,0.004707541298,0,0.8129157357,1,Fail
0.789442185,0.4686466752,0,0.2840487427,1,Fail
0.9913606577,0.03777418016,0,0.6003681152,1,Fail
0.9997827237,0.001306602251,1,0.930142708,0.00413876134,Pass
0.9913743712,0.03772249646,0,0.5782985548,1,Fail
0.9667900709,0.1162456483,0,0.4300325004,1,Fail
0.9644991713,0.1226809422,0,0.4555197309,1,Fail
0.9307166745,0.2080519462,0,0.3472575845,1,Fail
0.9451732838,0.173390948,0,0.3740709564,1,Fail
0.9998237382,0.001067340953,1,0.9263702231,0.0002602642688,Pass
0.9998842535,0.0007083775414,0,0.9390984311,1,Fail
0.1349139689,0.9783698752,0,0.02634397258,1,Fail
0.9898930679,0.04319977975,0,0.584525597,1,Fail
0.9869766341,0.0535703461,1,0.5751995936,0.02598084904,Pass
0.9790925375,0.07958822179,0,0.512421108,1,Fail
0.9240328187,0.2233260298,0,0.3367767744,1,Fail
0.9997739169,0.001358085382,1,0.9126091119,0.001094828699,Pass
0.5130643805,0.780595605,1,0.1097350354,0.07653871372,Pass
0.7912809185,0.4658674431,0,0.21885481,1,Fail
0.172222204,0.968111341,0,0.02582972991,1,Fail
0.9997854916,0.001290963987,1,0.9161334155,0.0007397356819,Pass
0.2760361008,0.929469956,0,0.1866282469,1,Fail
0.9951521097,0.02289152266,1,0.6429636398,0.01522032999,Pass
0.9989960251,0.005554879639,1,0.8210791397,0.009420459776,Pass
0.2996628506,0.9185389107,0,0.05182325341,1,Fail
0.9942445064,0.02659241832,1,0.6254505491,0.0158958414,Pass
0.995910375,0.01971553414,1,0.6608223605,0.01422673352,Pass
0.9997464901,0.001516614996,1,0.9212601016,0.00443263461,Pass
0.9993700624,0.003599955352,1,0.8590769143,0.007329048533,Pass
0.9872492673,0.05262174452,0,0.5617412856,1,Fail
0.9996403052,0.002120354275,1,0.899615777,0.005381487022,Pass
0.9833077223,0.06599425625,0,0.5061809501,1,Fail
0.9998784662,0.0007425999602,1,0.9551290044,0.002737227225,Pass
0.9980212385,0.010319302,1,0.7354925011,0.01002658772,Pass
0.9998121636,0.001135701854,1,0.923364082,0.0003382393595,Pass
0.9849671746,0.06045072127,0,0.5180000435,1,Fail
0.9999262745,0.0004547732739,1,0.9702613006,0.001884889604,Pass
0.3893686357,0.8694553519,0,0.07344358835,1,Fail
0.9969571257,0.01517582532,1,0.6921625681,0.0121954606,Pass
0.9933252026,0.03024294091,0,0.6058921745,1,Fail
0.9997522774,0.001483154753,1,0.9221608042,0.004288643622,Pass
0.9734527904,0.09687891648,0,0.454934798,1,Fail
0.8385034685,0.3899612368,0,0.3071499195,1,Fail
0.6677152627,0.6290282754,0,0.2425494505,1,Fail
0.5840168456,0.7172307858,0,0.1289457327,1,Fail
0.9081729091,0.2579570075,0,0.3153915908,1,Fail
0.9999149515,0.0005237136441,1,0.9669676732,0.002207532781,Pass
0.9998005889,0.001203504185,1,0.9198795905,0.000610537204,Pass
0.9758588074,0.08961431013,1,0.4673157142,0.02790611299,Pass
0.9935491468,0.02936197985,0,0.6094919435,1,Fail
0.9551331424,0.1479843234,0,0.4324848756,1,Fail
0.9997864981,0.001284882084,1,0.916718458,0.0006192813776,Pass
0.9996825779,0.001881418612,1,0.8925427898,0.001850791728,Pass
0.9998093957,0.001151957511,1,0.9215961541,0.0007294492772,Pass
0.9362224325,0.1951289977,0,0.3566553512,1,Fail
0.9997688845,0.001387622153,1,0.9105314969,0.00146985646,Pass
0.9785065081,0.08142912708,0,0.4783717791,1,Fail
0.9985543013,0.00776228684,0,0.7629091444,1,Fail
0.991553275,0.03705045459,0,0.5806093243,1,Fail
0.9752340281,0.09151609782,1,0.5055246293,0.03055703986,Pass
0.9991339144,0.004844738406,1,0.8335252849,0.008723402313,Pass
0.9955583547,0.02120033156,1,0.6832253658,0.01816258504,Pass
0.9982465667,0.009250950094,1,0.7697815365,0.01198147592,Pass
0.9948661405,0.02406913173,1,0.6366869208,0.01569515163,Pass
0.9986168296,0.007455040504,1,0.7914593046,0.01071713549,Pass
0.9355309731,0.1967700611,1,0.407237182,0.03998002026,Pass
0.1888724607,0.9629225723,0,0.1746018476,1,Fail
0.9723815064,0.1000639163,1,0.4519077601,0.02957164009,Pass
0.7871646214,0.4720724,0,0.2159845395,1,Fail
0.9999318102,0.0004215707418,1,0.9729018647,0.001940807921,Pass
0.9997552968,0.001465821566,0,0.903416112,1,Fail
0.8419259157,0.3840905506,0,0.2518024722,1,Fail
0.996001085,0.01932997074,0,0.6604085853,1,Fail
0.999456998,0.003132046253,1,0.8688118786,0.006418943484,Pass
0.9996463442,0.002086328384,1,0.8844836258,0.002504777172,Pass
0.9489736684,0.1638599714,0,0.4233948061,1,Fail
0.9922578187,0.03437694682,0,0.5901790061,1,Fail
0.9998948217,0.0006443274364,1,0.9603155761,0.002507953752,Pass
0.9767954732,0.08674289678,1,0.4711049419,0.02813216328,Pass
0.9973018489,0.01363333173,0,0.7014311678,1,Fail
0.9997628455,0.001421969972,1,0.9103642527,0.001053536899,Pass
0.989548093,0.04445350261,1,0.56002575,0.02061715471,Pass
0.9683973114,0.1116659409,0,0.4718778799,1,Fail
0.9992953304,0.003998132577,0,0.8382760962,1,Fail
0.9984495004,0.00827369594,1,0.7809051392,0.01127910636,Pass
0.9996302403,0.002176623845,1,0.8824922567,0.002241295822,Pass
0.9939635696,0.02771788794,1,0.6187705258,0.0171649665,Pass
0.9995740026,0.002490222773,0,0.8674997638,1,Fail
0.9871279852,0.05304438858,1,0.5361942393,0.02304180064,Pass
0.8996454132,0.2757427601,0,0.355554211,1,Fail
0.9997344122,0.001585588739,1,0.918415902,0.004513155165,Pass
0.9972454854,0.01388743405,1,0.7018164407,0.01194921454,Pass
0.9528229937,0.1540032676,0,0.3907490536,1,Fail
0.9398834181,0.1863522661,0,0.4067133345,1,Fail
0.4251649953,0.8463744914,0,0.08415264521,1,Fail
0.9891527937,0.04587997822,1,0.5909055036,0.02398292764,Pass
0.9530052944,0.1535313858,1,0.4438304226,0.03749357973,Pass
0.9986677832,0.007203258751,1,0.7741380932,0.007973344683,Pass
0.4690215875,0.8152228935,1,0.2076443574,0.08212424623,Pass
0.9955729488,0.02114029595,0,0.6496165688,1,Fail
0.9984625848,0.008209845733,1,0.7826358534,0.01142801754,Pass
0.9992782201,0.004088449276,1,0.830002216,0.00497605275,Pass
0.9906582527,0.04039045696,0,0.5696621274,1,Fail
0.9987236435,0.006927501989,1,0.7777721091,0.007973081973,Pass
0.8682255285,0.3370590438,0,0.3293127379,1,Fail
0.9979642459,0.01058763252,0,0.7296223968,1,Fail
0.9832573978,0.06615957937,0,0.5312270248,1,Fail
0.9976123515,0.0122200393,1,0.7162976887,0.01120627172,Pass
0.99931697,0.003883625802,1,0.8342040022,0.004939841405,Pass
0.99980386,0.00118415246,1,0.9217955107,0.0002256426367,Pass
0.9999011122,0.000607806185,1,0.9620104676,0.002360188185,Pass
0.5243745727,0.7711388545,0,0.1111201998,1,Fail
0.9943236417,0.0262737889,0,0.623360484,1,Fail
0.7760938483,0.4884622368,0,0.2093971102,1,Fail
0.9963605281,0.0177878547,0,0.6701349824,1,Fail
0.9986188426,0.007445003105,1,0.7706749562,0.008161132136,Pass
0.999354965,0.003680835696,1,0.8577923778,0.007540971247,Pass
0.6388243127,0.6612567713,0,0.2365299703,1,Fail
0.9995795383,0.002459233114,1,0.8893498907,0.0059378804,Pass
0.3792544065,0.875606848,0,0.1875107611,1,Fail
0.9907318524,0.04011773475,0,0.5899316298,1,Fail
0.9926776513,0.03276330959,1,0.5985368061,0.01812336195,Pass
0.9998174477,0.001105027043,1,0.9243875285,0.000410223892,Pass
0.946173736,0.17090026,0,0.3758375324,1,Fail
0.9879109094,0.05030249057,0,0.5416251448,1,Fail
0.9998691562,0.000798104152,1,0.9526256605,0.002931937164,Pass
0.9998958282,0.0006387901135,1,0.9603288945,0.002435349366,Pass
0.4187260943,0.8506788903,0,0.08167598475,1,Fail
0.9997374316,0.001568997164,1,0.9045733558,0.00125120042,Pass
0.9729034979,0.09851558956,1,0.4941126456,0.03090611045,Pass
0.2854457862,0.9252136244,0,0.04816293577,1,Fail
0.8806909209,0.3134659253,0,0.2850170724,1,Fail
0.9993355901,0.003784132313,1,0.83619846,0.004971965847,Pass
0.9986715575,0.007185261145,1,0.7960327854,0.01070390984,Pass
0.178283671,0.9662663151,0,0.02498633754,1,Fail
0.9967131775,0.01625291478,0,0.6809580386,1,Fail
0.9741159422,0.09489212642,0,0.4577584582,1,Fail
0.9996599318,0.002008748556,1,0.9036932068,0.005289046978,Pass
0.9992209759,0.004391086148,1,0.8439788451,0.008599518898,Pass
0.9998300288,0.001030032749,1,0.9275737619,0.0003794380848,Pass
0.99923557,0.004314757287,1,0.8432452821,0.008057804214,Pass
0.1816571776,0.9652177224,0,0.02634380313,1,Fail
0.9996775454,0.001910123091,1,0.8919748483,0.001731052639,Pass
0.9999433849,0.0003511252336,1,0.9768000794,0.00167070319,Pass
0.9970961473,0.01455726321,1,0.7231929762,0.01515062702,Pass
0.9993481712,0.003717325092,0,0.8445595139,1,Fail
0.1897008029,0.962654448,0,0.03658843296,1,Fail
0.9855680497,0.05841397074,0,0.5224316648,1,Fail
0.9497457729,0.1618992214,0,0.3840896346,1,Fail
0.9677128974,0.1136229478,0,0.4698949144,1,Fail
0.9996868555,0.001856450853,1,0.9081899967,0.004896855532,Pass
0.9236969022,0.2240827019,0,0.3866920701,1,Fail
0.9520745417,0.1559366938,0,0.3890055495,1,Fail
0.9867187207,0.05446435417,1,0.533339074,0.02280592574,Pass
0.9955218694,0.02135405586,0,0.6483127891,1,Fail
0.9971832088,0.01416681191,1,0.7218270312,0.01408468555,Pass
0.8978182544,0.2794845685,0,0.3500870452,1,Fail
0.8488118247,0.3721117756,1,0.258730196,0.04907936226,Pass
0.9960570711,0.01909124947,0,0.67964268,1,Fail
0.9999531982,0.0002904466038,1,0.9803262831,0.001441640958,Pass
0.9994673146,0.003075495207,1,0.8548522939,0.003761385737,Pass
0.989191921,0.0457390717,1,0.5555081641,0.02151044763,Pass
0.5264265565,0.7693978162,0,0.1114728003,1,Fail
0.9997794526,0.001326223316,0,0.9093991601,1,Fail
0,1,0,0,0.1819011457,Fail
0.8859507177,0.3032321583,0,0.2898418997,1,Fail
0.9957748761,0.02028947,0,0.6544376123,1,Fail
0.9966386971,0.01657873785,0,0.6786239898,1,Fail
0.9781442971,0.08256187529,0,0.4765329722,1,Fail
0.5942429212,0.707274722,0,0.2118180761,1,Fail
0.9814594272,0.07203508203,0,0.4946444769,1,Fail
0.02328643001,0.9979753041,0,0.009330641494,0.1726784799,Fail
0.9466954758,0.1695961641,0,0.3771052751,1,Fail
0.9383085112,0.1901465646,0,0.4079295902,1,Fail
0.9998398421,0.000973086962,1,0.9423946502,0.002949413752,Pass
0.9254449257,0.220135356,0,0.3803416105,1,Fail
0.959944799,0.135175427,1,0.4104943839,0.0330749848,Pass
0.9957344907,0.02046018803,0,0.6535859391,1,Fail
0.9995219167,0.0027777277,1,0.8780698347,0.005928428001,Pass
0.9932124756,0.03068531728,1,0.6068839839,0.01749060986,Pass
0.9992005944,0.00449682874,1,0.8411339468,0.008561159424,Pass
0.9616313007,0.1305930336,1,0.4163672576,0.03168600643,Pass
0.9394452171,0.1874111928,0,0.3625860879,1,Fail
0.9999381008,0.0003835699718,1,0.9742348866,0.001635519659,Pass
0.9947914085,0.02437537487,0,0.6325012491,1,Fail
0.8058676167,0.4433745659,0,0.2938215138,1,Fail
0.9363803258,0.1947538439,0,0.3570631874,1,Fail
0.99926891,0.004138328837,1,0.8300167567,0.004584188954,Pass
0.9578490329,0.1408011705,1,0.4483636241,0.0349971237,Pass
0.9985919189,0.007577840876,1,0.7689692531,0.008183846056,Pass
0.9997434706,0.001534012906,1,0.9058099003,0.001246464134,Pass
0.9992270148,0.004358714054,1,0.8242453199,0.005212922458,Pass
0.5389613968,0.758590348,0,0.2263115173,1,Fail
0.9994605208,0.003111795154,0,0.8577138382,1,Fail
0.9998501586,0.000912092978,1,0.9469122603,0.003162805057,Pass
0.8521613013,0.3662019107,1,0.3308429932,0.05245960457,Pass
0.987672371,0.051140999,0,0.56887237,1,Fail
0.9810244972,0.07343776669,1,0.4945620657,0.02534103182,Pass
0.9991938006,0.004532536745,1,0.8210044826,0.005225344498,Pass
0.999896583,0.0006349047341,1,0.9596955606,0.0022455395,Pass
0.9997651101,0.001409491992,1,0.9097613802,0.001451569578,Pass
0.9991083747,0.004976953895,0,0.8075891815,1,Fail
0.9998668916,0.0008126347157,1,0.95047277,0.002663497282,Pass
0.9796164162,0.07793278454,0,0.4842055269,1,Fail
0.9641354506,0.1236926646,0,0.421550607,1,Fail
0.9927116204,0.03263206292,1,0.6291319094,0.0206393297,Pass
0.9840827205,0.06341971474,0,0.5114846403,1,Fail
0.9923557,0.03400211659,1,0.5935918509,0.01862338114,Pass
0.9555005117,0.1470193848,0,0.43577969,1,Fail
0.9991817227,0.00459598311,1,0.8399377323,0.008811506281,Pass
0.7544027067,0.5193742747,0,0.2620335977,1,Fail
0.4940567958,0.7959628245,0,0.2075052853,1,Fail
0.9995063161,0.00286259253,1,0.8604964763,0.003581471517,Pass
0.9992847623,0.004053980102,0,0.8356164673,1,Fail
0.999135963,0.004932578794,1,0.8133428164,0.006184216083,Pass
0.4096247102,0.8642418409,0,0.2055032463,1,Fail
0.8144724407,0.4360159212,0,0.2998652456,1,Fail
0.9998419969,0.00098009259,1,0.930561809,0.0004231357046,Pass
0.961212647,0.1340071337,0,0.4524053158,1,Fail
0.7245523472,0.5670095997,0,0.2596528212,1,Fail
0.9972921842,0.0139441928,1,0.7058884881,0.01096114568,Pass
0.9955733322,0.02154191181,1,0.6529253128,0.01490122883,Pass
0.9720688711,0.102764121,0,0.487263066,1,Fail
0.9585444242,0.1413285039,0,0.407560468,1,Fail
0.9995514435,0.002668678415,1,0.8681793506,0.003016992511,Pass
0.9708839097,0.1063019419,0,0.4466812257,1,Fail
0.9995177525,0.002858841863,1,0.8621561123,0.003486093756,Pass
0.9999638499,0.0002301411058,1,0.9842089249,0.001202002557,Pass
0.4286910682,0.8517303553,0,0.2114487376,1,Fail
0.4157922396,0.8602614073,0,0.08457684584,1,Fail
0.9999825397,0.0001114800003,1,0.9923187142,0.0008512481306,Pass
0.9911853967,0.0391447878,0,0.5972758783,1,Fail
0.999668378,0.00200253505,1,0.8892703073,0.002101854754,Pass
0.9590066292,0.1400695257,0,0.4504143816,1,Fail
0.9962428471,0.01864715516,1,0.6998996664,0.01731464255,Pass
0.9865054322,0.05620860455,1,0.569546274,0.02589074882,Pass
0.7950315477,0.4667749104,0,0.2949759978,1,Fail
0.9761032978,0.0904440041,0,0.4684270067,1,Fail
0.9997234639,0.001683822716,1,0.9002531228,0.001807377948,Pass
0.9990658761,0.005301677028,1,0.8067221951,0.006393139678,Pass
0.9998496204,0.0009337380866,1,0.9334572028,0.0001021066486,Pass
0.9429816763,0.1818046128,0,0.4103916196,1,Fail
0.9150827629,0.2470751147,0,0.375081652,1,Fail
0.9979790364,0.01072593328,1,0.7327447632,0.01061807695,Pass
0.9996211615,0.002273969783,1,0.8799968342,0.002583041807,Pass
0.9899629326,0.04373888527,0,0.5628841119,1,Fail
0.9009512645,0.2774156008,0,0.3561849377,1,Fail
0.9994042608,0.003487943841,1,0.8456005893,0.004271034357,Pass
0.7041201541,0.5931787575,0,0.2557007218,1,Fail
0.9706539753,0.1069841102,0,0.4817981921,1,Fail
0.9996398514,0.002166510407,1,0.8972930691,0.005167791516,Pass
0.9998807292,0.00074506028,1,0.9558277022,0.002852263043,Pass
0.6255800925,0.6835379879,0,0.1479327387,1,Fail
0.5381113212,0.7675626185,0,0.1183881556,1,Fail
0.8897396872,0.3004194624,0,0.2969784919,1,Fail
0.9964435172,0.01776425931,0,0.6893324564,1,Fail
0.999559067,0.002626366081,1,0.8683249242,0.00339239716,Pass
0.9979719047,0.01076014242,0,0.7297364469,1,Fail
0.5897526225,0.7199108313,0,0.2345176992,1,Fail
0.9138058276,0.2498834638,0,0.3702242517,1,Fail
0.9904042345,0.04209268281,1,0.5695169132,0.0208422131,Pass
0.2381604067,0.9507690012,0,0.04227681068,1,Fail
0.9675868716,0.1159705299,0,0.4348260931,1,Fail
0.6925372389,0.6074968907,0,0.2510194492,1,Fail
0.5179241866,0.7847482221,0,0.2180826212,1,Fail
0.999367373,0.003689885028,1,0.8400174629,0.004802326265,Pass
0.9999181089,0.0005153283737,1,0.9672092999,0.002074215298,Pass
0.675472048,0.6279403723,0,0.2539296456,1,Fail
0.3059471613,0.9219660574,0,0.1900165294,1,Fail
0.9996873138,0.001893557377,1,0.8924536065,0.002178436133,Pass
0.9998107652,0.001168008555,1,0.9357455667,0.003733721967,Pass
0.9307008425,0.2115277292,0,0.3989713603,1,Fail
0.9668093981,0.1182141669,0,0.4644102271,1,Fail
0.9999616366,0.0002439005422,1,0.9825767271,0.001079375743,Pass
0.6912705094,0.609040595,0,0.2625293645,1,Fail
0.9142463918,0.248916257,0,0.3261382575,1,Fail
0.9999365529,0.0004005326965,1,0.9735253066,0.001685718082,Pass
0.9123916695,0.2529776378,0,0.3725004902,1,Fail
0.9976095428,0.01247269747,0,0.7270907095,1,Fail
0.8901594712,0.2995738594,0,0.3490972586,1,Fail
0.02739022968,0.9983260736,0,0.1837030166,0.2130793125,Fail
0.9962343629,0.01868472947,1,0.6956464545,0.01651888221,Pass
0.9402041424,0.1886805477,0,0.4081271538,1,Fail
0.9992950727,0.004081662439,1,0.8323108717,0.004712119867,Pass
0.9996194401,0.002282934466,1,0.8795191492,0.002668425832,Pass
0.9970408548,0.01509113087,1,0.694139903,0.01281595427,Pass
0.9882373179,0.05005066296,0,0.5457692098,1,Fail
0.9746971321,0.09478846264,0,0.4939830062,1,Fail
0.9998353571,0.00102117985,1,0.9291755593,0.0002999195193,Pass
0.9920863216,0.03568609339,0,0.5883704487,1,Fail
0.999948357,0.0003274600448,1,0.9784264556,0.001579217626,Pass
0.9985526428,0.007926154665,1,0.7669146218,0.008097263766,Pass
0.9998284714,0.001062509162,1,0.9264686759,0.000654571275,Pass
0.9999778673,0.0001406817922,1,0.9903142835,0.0009477886849,Pass
0.9887196883,0.04830507031,0,0.5734675843,1,Fail
0.9840137793,0.06480197195,1,0.5509237129,0.02695761836,Pass
0.9477504176,0.1697699006,0,0.3817170038,1,Fail
0.999622883,0.002264192761,1,0.896437192,0.005783018955,Pass
0.9999803265,0.0001252776467,1,0.9919427271,0.001023038268,Pass
0.9996708372,0.001988263399,1,0.9036240396,0.004997692479,Pass
0.8206660376,0.4258940661,0,0.3001373616,1,Fail
0.9998343734,0.001025835062,1,0.941716124,0.003363140426,Pass
0.999820602,0.001109358374,1,0.9240898468,0.0008222430848,Pass
0.9998080601,0.001183765343,1,0.9208641161,0.0009105475705,Pass
0.9999594233,0.0002577079515,1,0.9825021058,0.001301891986,Pass
0.9193771261,0.2375272794,0,0.3331526731,1,Fail
0.9629119484,0.1292766091,0,0.4199912261,1,Fail
0.9988575826,0.006382784987,1,0.7878814539,0.007574402918,Pass
0.3210201612,0.914622172,0,0.2028838744,1,Fail
0.9733669554,0.09884755952,0,0.4895552242,1,Fail
0.8495076821,0.376509102,0,0.2606136623,1,Fail
0.9799277096,0.07832251136,0,0.4875457617,1,Fail
0.9727753969,0.1006377571,0,0.4853619319,1,Fail
0.9998390459,0.000998346824,1,0.929990388,0.00034876802,Pass
0.9996951832,0.001847836451,1,0.8945843331,0.001920451897,Pass
0.9993998343,0.003511565304,1,0.8450186879,0.004299971737,Pass
0.9997173159,0.001718484653,1,0.8996481891,0.00160375347,Pass
0.9843233916,0.06374980522,1,0.5551126213,0.02725051366,Pass
0.9995598047,0.002621575199,1,0.868045563,0.003566371991,Pass
0.9999441764,0.000352974497,1,0.9751764784,0.00127880504,Pass
0.9955824312,0.02150299763,0,0.6502221038,1,Fail
0.9999454059,0.0003450288571,1,0.9768080163,0.001512598752,Pass
0.9997458426,0.001552332846,1,0.9067696479,0.001077547982,Pass
0.9975276518,0.01285556406,1,0.7159465649,0.01012929006,Pass
0.6913729347,0.6089159749,0,0.2615048826,1,Fail
0.9997615814,0.001459639662,1,0.9087881318,0.001533029594,Pass
0,1,0,0.002792569833,0.1792893669,Fail
0.999820602,0.001109338175,1,0.9255771,0.0002945081488,Pass
0.2791064054,0.9336856635,1,0.05460788578,0.09739320153,Pass
0.98955194,0.0451903639,0,0.5804524398,1,Fail
0.9992695043,0.004212940923,1,0.8450805077,0.007725933722,Pass
0.9997771557,0.001364827669,1,0.9129813171,0.0007896032415,Pass
0.9955666423,0.02153639164,1,0.6511975651,0.01529619319,Pass
0.9705964997,0.1070013266,0,0.4448866468,1,Fail
0.9764402191,0.0892649105,1,0.4714794357,0.02741812974,Pass
0.9987155347,0.007094966873,1,0.7767276168,0.007739471042,Pass
0.993003132,0.03204297005,1,0.6321293044,0.02019262726,Pass
0.9882302725,0.050001037,1,0.5461359718,0.02271317913,Pass
0.9432871692,0.1807947163,0,0.4140747288,1,Fail
0.9875729495,0.05235419364,0,0.5649047965,1,Fail
0.9817007739,0.07242805294,0,0.4969226237,1,Fail
0.9927599619,0.03300246295,0,0.5972518702,1,Fail
0.4187518132,0.8576949593,0,0.1984645939,1,Fail
0.975691615,0.09158923662,0,0.4659588267,1,Fail
0.9997682863,0.001418259683,1,0.9111859271,0.0007374128582,Pass
0.9950081149,0.02389533917,1,0.639357959,0.01562193765,Pass
0.901523755,0.2758568967,1,0.3111001138,0.04302790111,Pass
0.9995109497,0.002891055184,0,0.8559806856,1,Fail
0.9998271694,0.001068400739,1,0.9255969414,0.0004116388375,Pass
0.9693965403,0.11053647,0,0.4403929397,1,Fail
0.8354166012,0.4006288432,0,0.2495551924,1,Fail
0.9811081238,0.07437304116,0,0.4935483209,1,Fail
0.9580083212,0.1425850315,0,0.4052843568,1,Fail
0.9960813154,0.01932133276,1,0.6881187088,0.01597002753,Pass
0.3621244738,0.8922159103,0,0.2001282623,1,Fail
0.9734220276,0.0985388252,1,0.4575343806,0.02908437121,Pass
0.9999881741,7.56E-05,1,0.9945683623,0.0006967399472,Pass
0.9970969878,0.01481199706,1,0.7223646719,0.01514813475,Pass
0.9995587461,0.002623473926,1,0.8842056386,0.00597141264,Pass
0.7813000484,0.4870647721,0,0.2916866658,1,Fail
0.9998426909,0.0009745325315,1,0.9306852024,0,Pass
0.8192945727,0.4276358881,0,0.2995941069,1,Fail
0.9994127701,0.00343496631,1,0.8623961691,0.006865865951,Pass
0.9695702332,0.1100268292,1,0.4424037226,0.03053505662,Pass
0.9076025142,0.2629883137,1,0.3178371934,0.04279477887,Pass
0.9947877343,0.02481434975,0,0.6322495386,1,Fail
0.9874950956,0.05263087399,0,0.5661121892,1,Fail
0.3969136863,0.8716276428,1,0.1975276419,0.0872859174,Pass
0.9816417676,0.07262205563,0,0.5274810864,1,Fail
0.9999738845,0.0001657305519,1,0.9879618665,0.0009072750364,Pass
0.9741372482,0.09636412475,0,0.4591253611,1,Fail
0.9998237202,0.001088446456,1,0.9390481784,0.003530670284,Pass
0.7970211049,0.4631510396,0,0.2900338598,1,Fail
0.9977619483,0.01173746058,0,0.7350074464,1,Fail
0.9239922269,0.2267769632,0,0.3835447358,1,Fail
0.9999295373,0.0004428544789,1,0.9715204471,0.001923104143,Pass
0.9999805365,0.0001237702112,1,0.9899662727,0.0005824693615,Pass
0.9487536917,0.166968542,0,0.4250779071,1,Fail
0.99839796,0.008678419432,1,0.7789733977,0.0118881832,Pass
0.9275403667,0.2186173008,0,0.3873334504,1,Fail
0.9995991512,0.002395394914,1,0.8894224331,0.005341191831,Pass
0.7029880725,0.5939579168,0,0.1774536045,1,Fail
0.9997584313,0.001475485063,1,0.9228464124,0.004269104678,Pass
0.9999662469,0.0002134775679,1,0.9849950113,0.001103233264,Pass
0.6954213439,0.6033242594,0,0.1734036958,1,Fail
0.9936837372,0.02932723405,0,0.6118443316,1,Fail
0.9393922596,0.190413229,0,0.4053806561,1,Fail
0.7060060177,0.5901784035,0,0.1784279184,1,Fail
0.9999790583,0.0001325146142,1,0.990294796,0.0008174363611,Pass
0.9504048831,0.1627122262,0,0.3867884664,1,Fail
0.3805339517,0.8815641316,0,0.07535386037,1,Fail
0.9922648755,0.03493863286,1,0.592985366,0.01839783757,Pass
0.8845581456,0.3103640142,0,0.2912784998,1,Fail
0.9832951763,0.06712825755,1,0.5088933252,0.02471553492,Pass
0.9975770454,0.01260389936,1,0.7150590471,0.01081781657,Pass
0.8793811112,0.3205137799,0,0.3325511416,1,Fail
0.9990996301,0.005116075728,1,0.8283685976,0.008755904236,Pass
0.8875499752,0.3044206604,0,0.2937775077,1,Fail
0.9971606752,0.01452309794,0,0.6952061981,1,Fail
0.9981095805,0.01008198155,1,0.7394537633,0.009676133723,Pass
0.9974871193,0.01302200387,0,0.7238699758,1,Fail
0.9546325194,0.1516326546,0,0.3967603807,1,Fail
0.9990449353,0.005402550081,1,0.8036907187,0.006499531477,Pass
0.9830880999,0.06782326597,0,0.5338055242,1,Fail
0.3055210325,0.9216339022,0,0.0577087286,1,Fail
0.9948716243,0.02446514598,1,0.6667163829,0.01879121585,Pass
0.8783538593,0.322508322,0,0.2846393444,1,Fail
0.9946041865,0.0255751857,1,0.6621312113,0.01922654819,Pass
0.9999388995,0.0003848081065,1,0.9744413955,0.001652010093,Pass
0.9998654804,0.0008358006291,1,0.9499132646,0.002778830714,Pass
0.9607933208,0.1349763918,1,0.4552927548,0.03401807839,Pass
0.9865569075,0.05594411609,0,0.5569002727,1,Fail
0.9995868326,0.002465190889,1,0.8725766888,0.002915724779,Pass
0.9985107988,0.008120448914,0,0.7591539654,1,Fail
0.8696310257,0.3391866924,0,0.2765645377,1,Fail
0.9955676278,0.02153236226,0,0.6492117005,1,Fail
0.8395160004,0.3935748033,1,0.3302854833,0.05523826716,Pass
0.9997682863,0.001417674871,1,0.9101850156,0.001098590838,Pass
0.99974562,0.001550044377,1,0.9046966625,0.001383000242,Pass
0.9852347472,0.06053790308,0,0.5202958093,1,Fail
0.9997448808,0.00155440572,1,0.9055165764,0.001031378708,Pass
0.9994725156,0.00310465463,1,0.8719006953,0.006742075918,Pass
0.9994769503,0.003079859883,0,0.8505805487,1,Fail
0.986966133,0.05450445926,0,0.5339652422,1,Fail
0.9998640021,0.0008454111396,1,0.9492107276,0.002751154794,Pass
0.9922139995,0.03513582458,1,0.6249666906,0.02168119132,Pass
0.9817581788,0.07223919471,0,0.497243782,1,Fail
0.9848139422,0.06198135227,0,0.5432613801,1,Fail
0.9999802902,0.0001248090351,1,0.9908698117,0.0008024447078,Pass
0.863117911,0.3513544654,0,0.270861367,1,Fail
0.9987979465,0.006677059657,0,0.7792766796,1,Fail
0.5477332151,0.7584112623,0,0.1226896006,1,Fail
0.9779948323,0.08438389028,0,0.4767657783,1,Fail
0.9975468648,0.01274443469,0,0.7256264568,1,Fail
0.7053860202,0.5909567845,0,0.2682592332,1,Fail
0.9951042004,0.02349320403,1,0.6408520593,0.01586164414,Pass
0.9999879277,7.61E-05,1,0.9944503245,0.00067838274,Pass
0.9776363597,0.08551607003,1,0.4770567968,0.02708151982,Pass
0.9987558167,0.006890867844,1,0.7795529817,0.007668651831,Pass
0.9479071544,0.169136024,1,0.4300566673,0.03770023663,Pass
0.9984478506,0.008431826761,1,0.7592594501,0.00839822318,Pass
0.9989637555,0.005824970147,0,0.8050986459,1,Fail
0.988229287,0.05000433376,1,0.5474540091,0.02161323744,Pass
0.5264443767,0.7769120966,0,0.1152616251,1,Fail
0.8858342341,0.3078359783,0,0.3387265908,1,Fail
0.9995592388,0.002621220868,1,0.8852816919,0.006176703052,Pass
0.9955581425,0.02157362298,0,0.6490129407,1,Fail
0.9465097271,0.1726921439,0,0.4206968029,1,Fail
0.9840373748,0.06462631559,0,0.5391352983,1,Fail
0.9994434436,0.003265258734,0,0.8462272391,1,Fail
0.993898944,0.02845891929,1,0.6511256549,0.0203093071,Pass
0.9220180407,0.231264979,0,0.3797957947,1,Fail
0.9997448808,0.0015548498,1,0.9050807126,0.001179795413,Pass
0.9997485764,0.001532844441,1,0.9205461958,0.004356302645,Pass
0.5418306125,0.7636295436,0,0.2152232771,1,Fail
0.9997976046,0.001243400409,1,0.9302723824,0.003406554004,Pass
0.9974940178,0.01298932443,0,0.7080957418,1,Fail
0.6816242135,0.6200080814,0,0.2549684041,1,Fail
0.9992325483,0.004410778391,1,0.8238742646,0.005106686252,Pass
0.9960827936,0.01931471903,0,0.6622518329,1,Fail
0.9995511085,0.002666105269,1,0.8659954092,0.003425820176,Pass
0.950906868,0.1614103062,0,0.3880137097,1,Fail
0.977466732,0.0860504528,0,0.4740921368,1,Fail
0.9982219266,0.009538210144,1,0.7457136362,0.009242750746,Pass
0.2568558503,0.9430300276,0,0.1847089698,1,Fail
0.9937121933,0.02921346068,0,0.6122891939,1,Fail
0.3097393066,0.9196117147,1,0.05807775006,0.09952240601,Pass
0.9999605803,0.0002488612152,1,0.9820090914,0.001060901654,Pass
0.8962586423,0.2867802167,0,0.3621655363,1,Fail
0.9999879277,7.61E-05,1,0.9940238963,0.0005849397445,Pass
0.5857193628,0.7231495952,0,0.1351975314,1,Fail
0.9989531614,0.005879836078,0,0.7919572825,1,Fail
0.9999886668,7.15E-05,1,0.9947540045,0.000659581572,Pass
0.9172720357,0.2419072338,1,0.3864941191,0.04366106235,Pass
0.9998839584,0.0007229721583,1,0.9555906658,0.002514605649,Pass
0.9992598957,0.004265013763,1,0.8456643531,0.008122842009,Pass
0.9999881741,7.44E-05,1,0.9938530011,0.0005139084423,Pass
0.9926697894,0.03335718287,0,0.5958704848,1,Fail
0.9996091293,0.002337297871,1,0.8770716254,0.002538280112,Pass
0.9999179578,0.0005144892278,1,0.9672439304,0.002080313794,Pass
0.6875291567,0.6129290894,0,0.1702786183,1,Fail
0.9997894743,0.001291789136,0,0.9106294694,1,Fail
0.9998458937,0.0009558475039,1,0.9309664635,0.0001839312006,Pass
0.8407428144,0.3914482399,0,0.3102271044,1,Fail
0.9957521612,0.02074331123,1,0.6564592865,0.01452231447,Pass
0.9999507254,0.0003116779966,1,0.9787426575,0.001404605228,Pass